acc_x_mean,acc_y_mean,acc_z_mean,acc_x_std,acc_y_std,acc_z_std,acc_x_min,acc_y_min,acc_z_min,acc_x_max,acc_y_max,acc_z_max,acc_x_range,acc_y_range,acc_z_range,acc_x_rms,acc_y_rms,acc_z_rms,acc_x_zcr,acc_y_zcr,acc_z_zcr,acc_sma,acc_magnitude_mean,acc_magnitude_std,acc_magnitude_max,acc_magnitude_skewness,acc_magnitude_kurtosis,gyr_x_mean,gyr_y_mean,gyr_z_mean,gyr_x_std,gyr_y_std,gyr_z_std,gyr_x_min,gyr_y_min,gyr_z_min,gyr_x_max,gyr_y_max,gyr_z_max,gyr_x_range,gyr_y_range,gyr_z_range,gyr_x_rms,gyr_y_rms,gyr_z_rms,gyr_magnitude_mean,gyr_magnitude_std,acc_dominant_freq,acc_energy_low,acc_energy_mid,acc_energy_high,acc_spectral_entropy,gyr_dominant_freq,gyr_energy_low,gyr_energy_mid,gyr_energy_high,gyr_spectral_entropy,acc_x_y_corr,acc_x_z_corr,acc_y_z_corr,gyr_x_y_corr,gyr_x_z_corr,gyr_y_z_corr,acc_gyr_magnitude_ratio,window_id,activity_id,activity_name,recording_folder
-1.610302634958,-0.7059042153164801,9.706403697896,0.4904860825950164,0.5663938145372558,0.6303478291109768,-2.444866419,-1.097109199,7.658827305,-0.1244267747,2.003988981,13.91725445,2.3204396443,3.10109818,6.258427145,1.6833452329727503,0.9050429350852028,9.726850010779136,0.016,0.064,0.124,12.18472906876704,9.89175592374138,0.6461654316358001,14.252344416921156,3.073545809520541,18.185376857738813,0.0241817122012284,-0.0036334266395327,-0.0230754346308632,0.200449508700355,0.2152379352853058,0.1062485407095656,-0.3576616049,-0.7580837607,-0.5786421299,1.248608589,0.437074095,0.3323107064,1.6062701939,1.1951578557,0.9109528363,0.2019028497649222,0.2152686009965837,0.1087254711938075,0.1881851428295696,0.2520176807740939,4.800000000000001,1083.113149832728,1928.8080488317653,9111.6557192978,0.675402827400341,0.4,894.1600135474263,356.72542515095193,596.3363146494148,0.5464164862788524,0.3433267734838681,-0.1230082521095261,0.6553538021041265,-0.105668501799259,0.5270950398331926,-0.2227505465459013,52.56367857382477,19,1,sitting,1_sitting
-2.417294042152288,-7.687816116953519,3.193745849718,0.7065244880539696,2.768741576107107,3.656575749189473,-3.719044685,-10.00259686,-0.9535398483,0.09391828626,0.9194421172,12.32722378,3.81296297126,10.9220389772,13.2807636283,2.5184295381139554,8.171196152544276,4.8549519835062735,0.036,0.012,0.02,13.355527620587392,9.819037220918494,0.5176878578525743,12.366253364340428,1.39348182759483,6.104401299381486,0.5415717461758114,-0.1633930135225804,0.014965587577988,0.607891098722125,0.2347481694943316,0.1132972457181354,-0.07330382615,-0.8994990587,-0.3260493279,1.807397485,0.1685988009,0.3349068761,1.88070131115,1.0680978596,0.660956204,0.814144670289937,0.2860139506194228,0.1142813838683711,0.6126087044296675,0.6183901147870282,0.8,2098.182523591317,2907.900328948855,2277.332139890259,0.6461654511745253,0.4,10920.439595108704,737.2693269818785,238.19763255171148,0.1498257907373605,0.8300894167437601,0.8347614887416166,0.9463650429836415,-0.5049826395726306,0.3602398606040402,0.0656437066092098,16.028210375903043,57,1,sitting,1_sitting
-2.627369517872,-5.850465717041372,4.991210287166999,0.6018080840938923,3.8269555341832335,3.995851870145642,-3.889533281,-9.617352486,0.04187439755,-1.256830096,2.694916487,14.40658665,2.632703185,12.312268973,14.36471225245,2.695411574050187,6.990961147574209,6.393669705174652,0.1,0.036,0.012,13.645439624272427,9.82287572709101,0.7272592862316506,14.790184398454755,2.729016419344757,14.185991966784323,0.5205530934803988,-0.1608231037261895,0.0602398651474695,0.5798826608803213,0.2343174125058463,0.1605791608164089,-0.176998198,-1.040456176,-0.2620611787,1.534035325,0.4256203473,0.5073235631,1.711033523,1.4660765233,0.7693847418,0.7792556855882763,0.2841983822887802,0.1715065836680547,0.6337751986940359,0.5619178318749432,0.8,2963.081286416943,3691.4701822586217,8045.351031902628,0.688738776765136,0.4,8878.787780364844,697.7559526563481,254.2454204122696,0.1487626426406553,0.8581059659479158,0.7767605444546353,0.9436131558718608,-0.4270284595549083,0.6686657490024924,-0.1502892184099341,15.498965955698718,3,1,sitting,1_sitting
-0.5608106269983,-2.7329934749548,8.601568106748,0.9093186027973617,3.0436848731789268,2.3432951090961103,-3.186641455,-9.46720314,1.232901812,2.331805706,2.032702923,12.53001595,5.518447161,11.499906063,11.297114138,1.0683486700265843,4.0906320955768845,8.915043794807636,0.028,0.004,0.012,12.241068084029235,9.838309594264102,0.7485385847505621,12.693330104548211,0.8017224725841204,4.084702359450383,0.4559070573813404,-0.1198884133705344,-0.02788660902336,0.645937043052881,0.2645800038366327,0.1438856438106149,-0.4871650338,-0.8739954233,-0.4630358517,1.896431208,0.3210096955,0.3570507467,2.3835962418000003,1.1950051188000002,0.8200865984,0.7906237465179072,0.2904751453923325,0.1465630971889476,0.5908425779410008,0.6179381103301187,5.2,1969.1462584155504,4069.7074402705994,9485.696639615397,0.6972794001925159,0.4,10861.101022826047,378.039711146648,598.8286241203389,0.1884598108602655,0.7745645728819247,0.6282705462289316,0.9310573776066784,-0.3669757935444924,0.3049266570221785,0.230951794649683,16.65129310290399,68,1,sitting,1_sitting
-1.08062741879284,-0.8721096755284,9.681135463764,0.3636973254192498,0.1548909006508928,0.1529363828881931,-2.144567251,-1.262812138,8.987442017,0.4097708762,0.1896311939,10.45842934,2.5543381272,1.4524433319,1.470987323000001,1.140189178498021,0.8857575725076788,9.682343383962372,0.02,0.108,0.228,11.64708572465036,9.78842618363637,0.1381451862373668,10.471364813004673,0.0109748946880111,5.600648934577375,-0.0093566230645396,0.0588617531158516,-0.0232971787516911,0.0392574026755567,0.1938408116885637,0.0645269626978888,-0.2193006277,-0.2145664245,-0.2933680415,0.1366810948,1.033736706,0.02794708498,0.3559817225,1.2483031305,0.32131512648,0.0403570323488073,0.2025807647728497,0.0686038443004689,0.1069251663564311,0.1895815195856597,8.0,2.6176986245202007,54.63200421810204,328.37992838137063,0.7537837651274635,0.4,478.1413476223322,294.8685505085735,328.0600156963544,0.5375987732179581,0.5191764689728665,0.4396344519292447,0.2944971733683566,-0.6925588293650495,0.2634464882588353,-0.6637279270807456,91.54378686885036,35,1,sitting,1_sitting
-1.977770806322,-1.7537308256313722,9.112445295252,0.4823385080611697,2.238571037316821,1.4878362126847,-3.889533281,-7.718049526,4.125824451,-0.9290133715,2.694916487,14.40658665,2.9605199095,10.412966013,10.280762199,2.035737654683984,2.843725039078744,9.233109760786787,0.048,0.012,0.02,13.020341029397429,9.848667210007555,0.6964696244918885,14.790184398454755,2.9877810681279624,16.826416762763127,0.3558094570822492,-0.0657620869142936,0.055966251846392,0.595103577022727,0.1907316128752631,0.1555827760606953,-0.176998198,-0.5623014569,-0.2127338201,1.534035325,0.4256203473,0.5073235631,1.711033523,0.9879218042,0.7200573832,0.6933603948412468,0.2017503413264085,0.165342739642496,0.4754951734795794,0.5680619674910853,0.8,2753.8338421590543,3198.181486603867,7500.962903409832,0.6868027893850035,0.4,8775.095383941574,958.4152825622324,234.7709949611994,0.2454268354929344,0.7830911268839643,0.5989663704503531,0.903189566125313,-0.5885289012480333,0.8726649397766603,-0.5435487366676932,20.71240056031811,4,1,sitting,1_sitting
-1.1994382460004882,-3.37759358645564,7.8197467981832,1.0035666892553072,3.453202106990352,3.120616889123934,-3.719044685,-10.00259686,-0.9535398483,0.8781659007,0.9194421172,12.32722378,4.5972105857,10.9220389772,13.2807636283,1.5639047943374256,4.830397833200582,8.419423362462656,0.012,0.004,0.004,12.571177116457871,9.814090283722244,0.590646334172183,12.366253364340428,0.6609153517652692,3.632855406976838,0.5204327542994247,-0.1621608984980503,-0.0269978000735811,0.6273513531870403,0.2985341526544202,0.15949094324002,-0.1482875347,-0.8994990587,-0.5940664411,1.807397485,0.7467827797,0.3349068761,1.9556850197,1.6462818384,0.9289733172,0.8151196060047237,0.3397334209388115,0.161759828710358,0.6962674647994341,0.5667597630762587,1.6,1908.3648542299925,2825.040350801292,4854.4245245720485,0.6899629739305468,0.4,8757.469638488423,828.7697024101741,360.4447066516283,0.1936307345044543,0.8637919968266006,0.7865310097446249,0.9389350586991848,-0.4468068138175917,0.4604971375739735,0.0071705711254705,14.095267529528677,58,1,sitting,1_sitting
-1.7833874648777202,-5.805612247787613,5.140170672292659,1.26316058949984,3.89188367660034,4.084713371091265,-3.747758389,-10.1270237,-0.002991028363,1.222732425,1.315454245,11.52144146,4.970490814,11.442477945,11.524432488363,2.1854165563453947,6.989412859736482,6.565534088272587,0.084,0.02,0.02,12.937379456211216,9.81989660542984,0.5511861496220203,11.66449061656234,0.335984623189863,1.710748283963886,0.5347050119218,-0.2172548357627124,0.0027232372461752,0.6497754089436133,0.267327439985741,0.0969018520205053,-0.3017674387,-0.9489791393,-0.2116648108,1.905746818,0.236099422,0.2984076738,2.2075142567,1.1850785613,0.5100724846,0.8414971965741372,0.3444758682863186,0.0969401100994984,0.7021160825559236,0.5858425959557496,0.8,2653.557671755598,1493.9331909394405,4259.034627304812,0.6583605570171173,0.4,9574.77867040412,842.8577107019814,256.4874266847097,0.1722347284231673,0.8707295289034702,0.8259199483608349,0.9487693148871748,-0.3190828076967598,0.5292674311770089,-0.0748885803635639,13.986124037436,39,1,sitting,1_sitting
-2.1409804583008,-7.659894276842761,3.12366246217744,0.4679084263791528,3.037738895161777,3.7074295651468088,-3.404388428,-10.06181908,0.02931207791,-0.3547359705,1.575075507,12.22732353,3.0496524575,11.636894587,12.19801145209,2.191514457698721,8.24025715178763,4.84791719794605,0.052,0.028,0.004,12.990894954057,9.786373274336077,0.6586143328165485,12.57662924660642,0.4017403497396484,5.86513966661132,0.552715760573118,-0.1678065163546,0.0617541996939364,0.6280515549041708,0.2858691515307535,0.1777030848771186,-0.3795000315,-1.062447429,-0.3514002264,1.868025899,0.5027421117,0.5919284225,2.2475259305,1.5651895407,0.9433286489,0.8366262412830875,0.3314818226207578,0.1881275300286564,0.6464961175081153,0.6536500622910263,5.6000000000000005,1270.696497049256,2848.757898014347,8425.79994910845,0.6529135227340299,0.4,11981.545989527744,765.8933915591895,486.677211114712,0.1703985968393842,0.368642830127345,0.3490895569109977,0.9339625532765397,-0.2022306558480489,0.5182848110863119,-0.0830397525641281,15.137535820820158,62,1,sitting,1_sitting
